acc,activation_dense,drop_dense,drop_lstm,epoch_cnt,loss,lstm_bidirectional,nodes_dense,nodes_lstm,val_acc,val_loss
0.76265515701,relu,0.2,0.2,1,0.480719440001,False,200,300,0.774403170705,0.491149505962
0.84625441242,relu,0.2,0.2,2,0.339987794637,False,200,300,0.809540018438,0.407126014649
0.900027461861,relu,0.2,0.2,3,0.235737136698,False,200,300,0.83050454197,0.410542808014
0.934677079822,relu,0.2,0.2,4,0.161082740477,False,200,300,0.839973388899,0.450695395706
0.956287640109,relu,0.2,0.2,5,0.11213194997,False,200,300,0.83743598278,0.531466143621
